Range,Style,Total Proj Time (ns),Total Range Time (ns),Range Instances,Proj Avg (ns),Proj Med (ns),Proj Min (ns),Proj Max (ns),Proj StdDev (ns),Total GPU Ops,Avg GPU Ops,Avg Range Lvl,Avg Num Child
NCCL:ncclGroupEnd,PushPop,5257533422,261393217,6720,782371.0,485424.0,9215,372642266,6897789.2,6720,1.0,0.0,0.0
NCCL:ncclAllReduce,PushPop,3997530777,5125489219,12,333127564.8,340591133.0,159160560,427956452,93879880.3,588,49.0,0.0,0.0
NCCL:ncclReduceScatter,PushPop,2528856407,218707415,6336,399125.1,507982.5,5792,3531350,295364.9,6336,1.0,0.0,0.0
NCCL:ncclCommInitRank,PushPop,2422139398,8106422271,12,201844949.8,192936640.5,133816644,280773712,46864410.0,5372,447.7,0.0,0.0
NCCL:ncclAllGather,PushPop,1641185774,1726946458,6538,251022.6,6784.0,4928,317827485,7709958.3,6730,1.0,0.0,0.0
NCCL:ncclCommInitRankConfig,PushPop,747180481,877296039,4,186795120.3,187369176.0,141319622,231122507,51175743.4,1492,373.0,0.0,0.0
:flashvep_phase1b/decoder_layer/layer_0/iter_0/rank_2,PushPop,395265296,396423397,1,395265296.0,395265296.0,395265296,395265296,0.0,31,31.0,0.0,5.0
:flashvep_phase1b/decoder_layer/layer_0/iter_0/rank_3,PushPop,393574606,394796546,1,393574606.0,393574606.0,393574606,393574606,0.0,31,31.0,0.0,5.0
:flashvep_phase1b/moe_layer/layer_0/iter_0/rank_2,PushPop,386813172,388085441,1,386813172.0,386813172.0,386813172,386813172,0.0,14,14.0,1.0,5.0
:flashvep_phase1b/moe_layer/layer_0/iter_0/rank_3,PushPop,385203440,386512192,1,385203440.0,385203440.0,385203440,385203440,0.0,14,14.0,1.0,5.0
:flashvep_phase1b/dispatch_dpep_agrs/layer_0/iter_0/rank_2,PushPop,372642266,4832157,1,372642266.0,372642266.0,372642266,372642266,0.0,1,1.0,2.0,1.0
:flashvep_phase1b/dispatch_dpep_agrs/layer_0/iter_0/rank_3,PushPop,371795750,3975798,1,371795750.0,371795750.0,371795750,371795750,0.0,1,1.0,2.0,1.0
CCCL:cub::DeviceRadixSort,PushPop,34789750,34931706,8,4348718.8,4334831.0,66272,8704629,4561187.7,96,12.0,0.0,0.0
:flashvep_phase1b/decoder_layer/layer_0/iter_0/rank_0,PushPop,19244999,19519156,1,19244999.0,19244999.0,19244999,19244999,0.0,32,32.0,0.0,5.0
:flashvep_phase1b/decoder_layer/layer_0/iter_0/rank_1,PushPop,19242698,19655604,1,19242698.0,19242698.0,19242698,19242698,0.0,32,32.0,0.0,5.0
CCCL:cub::DeviceScan::InclusiveScan,PushPop,13699078,48671415,8,1712384.8,36896.0,6432,4578298,2337860.6,16,2.0,0.0,0.0
:flashvep_phase1b/moe_layer/layer_0/iter_0/rank_1,PushPop,10702242,11341982,1,10702242.0,10702242.0,10702242,10702242,0.0,14,14.0,1.0,5.0
:flashvep_phase1b/moe_layer/layer_0/iter_0/rank_0,PushPop,10472979,11124171,1,10472979.0,10472979.0,10472979,10472979,0.0,14,14.0,1.0,5.0
:flashvep_phase1b/local_expert_execution/layer_0/iter_0/rank_1,PushPop,5892943,6159878,1,5892943.0,5892943.0,5892943,5892943,0.0,8,8.0,2.0,0.0
:flashvep_phase1b/local_expert_execution/layer_0/iter_0/rank_0,PushPop,5815609,6087012,1,5815609.0,5815609.0,5815609,5815609,0.0,8,8.0,2.0,0.0
:flashvep_phase1b/decoder_layer/layer_12/iter_0/rank_3,PushPop,5473578,5770732,1,5473578.0,5473578.0,5473578,5473578,0.0,31,31.0,0.0,5.0
:flashvep_phase1b/decoder_layer/layer_12/iter_0/rank_2,PushPop,5473374,5770497,1,5473374.0,5473374.0,5473374,5473374,0.0,31,31.0,0.0,5.0
:flashvep_phase1b/decoder_layer/layer_24/iter_0/rank_2,PushPop,5428701,5719808,1,5428701.0,5428701.0,5428701,5428701,0.0,31,31.0,0.0,5.0
:flashvep_phase1b/decoder_layer/layer_24/iter_0/rank_3,PushPop,5426666,5715253,1,5426666.0,5426666.0,5426666,5426666,0.0,31,31.0,0.0,5.0
:flashvep_phase1b/decoder_layer/layer_47/iter_0/rank_3,PushPop,5302762,5612405,1,5302762.0,5302762.0,5302762,5302762,0.0,31,31.0,0.0,5.0
:flashvep_phase1b/decoder_layer/layer_47/iter_0/rank_2,PushPop,5301821,5612028,1,5301821.0,5301821.0,5301821,5301821,0.0,31,31.0,0.0,5.0
:flashvep_phase1b/decoder_layer/layer_36/iter_0/rank_2,PushPop,5294078,5580827,1,5294078.0,5294078.0,5294078,5294078,0.0,31,31.0,0.0,5.0
:flashvep_phase1b/decoder_layer/layer_36/iter_0/rank_3,PushPop,5294027,5581048,1,5294027.0,5294027.0,5294027,5294027,0.0,31,31.0,0.0,5.0
:flashvep_phase1b/decoder_layer/layer_12/iter_0/rank_0,PushPop,5243993,3560072,1,5243993.0,5243993.0,5243993,5243993,0.0,32,32.0,0.0,5.0
:flashvep_phase1b/decoder_layer/layer_12/iter_0/rank_1,PushPop,5240433,3551686,1,5240433.0,5240433.0,5240433,5240433,0.0,32,32.0,0.0,5.0
:flashvep_phase1b/decoder_layer/layer_24/iter_0/rank_0,PushPop,5190553,3575285,1,5190553.0,5190553.0,5190553,5190553,0.0,32,32.0,0.0,5.0
:flashvep_phase1b/decoder_layer/layer_24/iter_0/rank_1,PushPop,5189265,3565750,1,5189265.0,5189265.0,5189265,5189265,0.0,32,32.0,0.0,5.0
:flashvep_phase1b/attention_block/layer_0/iter_0/rank_2,PushPop,5170430,3867374,1,5170430.0,5170430.0,5170430,5170430,0.0,12,12.0,1.0,0.0
:flashvep_phase1b/decoder_layer/layer_47/iter_0/rank_1,PushPop,5114738,3546877,1,5114738.0,5114738.0,5114738,5114738,0.0,32,32.0,0.0,5.0
:flashvep_phase1b/decoder_layer/layer_47/iter_0/rank_0,PushPop,5113977,3504294,1,5113977.0,5113977.0,5113977,5113977,0.0,32,32.0,0.0,5.0
:flashvep_phase1b/decoder_layer/layer_36/iter_0/rank_0,PushPop,5110585,3505914,1,5110585.0,5110585.0,5110585,5110585,0.0,32,32.0,0.0,5.0
:flashvep_phase1b/decoder_layer/layer_36/iter_0/rank_1,PushPop,5110354,3529291,1,5110354.0,5110354.0,5110354,5110354,0.0,32,32.0,0.0,5.0
:flashvep_phase1b/moe_layer/layer_12/iter_0/rank_1,PushPop,5078769,2025726,1,5078769.0,5078769.0,5078769,5078769,0.0,14,14.0,1.0,5.0
:flashvep_phase1b/moe_layer/layer_12/iter_0/rank_0,PushPop,5078009,2032630,1,5078009.0,5078009.0,5078009,5078009,0.0,14,14.0,1.0,5.0
:flashvep_phase1b/moe_layer/layer_24/iter_0/rank_0,PushPop,5026489,2075296,1,5026489.0,5026489.0,5026489,5026489,0.0,14,14.0,1.0,5.0
:flashvep_phase1b/moe_layer/layer_24/iter_0/rank_1,PushPop,5023697,2075507,1,5023697.0,5023697.0,5023697,5023697,0.0,14,14.0,1.0,5.0
:flashvep_phase1b/moe_layer/layer_47/iter_0/rank_0,PushPop,4957306,2007760,1,4957306.0,4957306.0,4957306,4957306,0.0,14,14.0,1.0,5.0
:flashvep_phase1b/moe_layer/layer_47/iter_0/rank_1,PushPop,4954034,2022073,1,4954034.0,4954034.0,4954034,4954034,0.0,14,14.0,1.0,5.0
:flashvep_phase1b/moe_layer/layer_36/iter_0/rank_0,PushPop,4945753,2019376,1,4945753.0,4945753.0,4945753,4945753,0.0,14,14.0,1.0,5.0
:flashvep_phase1b/moe_layer/layer_36/iter_0/rank_1,PushPop,4945298,2024763,1,4945298.0,4945298.0,4945298,4945298,0.0,14,14.0,1.0,5.0
:flashvep_phase1b/local_expert_execution/layer_0/iter_0/rank_2,PushPop,4748574,375463403,1,4748574.0,4748574.0,4748574,4748574,0.0,8,8.0,2.0,0.0
:flashvep_phase1b/local_expert_execution/layer_0/iter_0/rank_3,PushPop,4747309,374652377,1,4747309.0,4747309.0,4747309,4747309,0.0,8,8.0,2.0,0.0
:flashvep_phase1b/attention_block/layer_0/iter_0/rank_0,PushPop,4653754,6920615,1,4653754.0,4653754.0,4653754,4653754,0.0,13,13.0,1.0,0.0
:flashvep_phase1b/attention_block/layer_0/iter_0/rank_1,PushPop,4640083,6914754,1,4640083.0,4640083.0,4640083,4640083,0.0,13,13.0,1.0,0.0
:flashvep_phase1b/attention_block/layer_0/iter_0/rank_3,PushPop,3469395,3793332,1,3469395.0,3469395.0,3469395,3469395,0.0,12,12.0,1.0,0.0
:flashvep_phase1b/dispatch_dpep_agrs/layer_12/iter_0/rank_1,PushPop,3325687,191637,1,3325687.0,3325687.0,3325687,3325687,0.0,1,1.0,2.0,1.0
:flashvep_phase1b/dispatch_dpep_agrs/layer_12/iter_0/rank_0,PushPop,3324123,196488,1,3324123.0,3324123.0,3324123,3324123,0.0,1,1.0,2.0,1.0
:flashvep_phase1b/dispatch_dpep_agrs/layer_24/iter_0/rank_1,PushPop,3306646,196506,1,3306646.0,3306646.0,3306646,3306646,0.0,1,1.0,2.0,1.0
:flashvep_phase1b/dispatch_dpep_agrs/layer_24/iter_0/rank_0,PushPop,3306460,197052,1,3306460.0,3306460.0,3306460,3306460,0.0,1,1.0,2.0,1.0
:flashvep_phase1b/dispatch_dpep_agrs/layer_36/iter_0/rank_1,PushPop,3255222,186175,1,3255222.0,3255222.0,3255222,3255222,0.0,1,1.0,2.0,1.0
:flashvep_phase1b/dispatch_dpep_agrs/layer_36/iter_0/rank_0,PushPop,3254523,203973,1,3254523.0,3254523.0,3254523,3254523,0.0,1,1.0,2.0,1.0
:flashvep_phase1b/dispatch_dpep_agrs/layer_47/iter_0/rank_0,PushPop,3241276,193444,1,3241276.0,3241276.0,3241276,3241276,0.0,1,1.0,2.0,1.0
:flashvep_phase1b/dispatch_dpep_agrs/layer_47/iter_0/rank_1,PushPop,3240439,197309,1,3240439.0,3240439.0,3240439,3240439,0.0,1,1.0,2.0,1.0
:flashvep_phase1b/moe_layer/layer_12/iter_0/rank_2,PushPop,3001566,3450869,1,3001566.0,3001566.0,3001566,3001566,0.0,14,14.0,1.0,5.0
:flashvep_phase1b/moe_layer/layer_12/iter_0/rank_3,PushPop,2998292,3451466,1,2998292.0,2998292.0,2998292,2998292,0.0,14,14.0,1.0,5.0
:flashvep_phase1b/moe_layer/layer_24/iter_0/rank_3,PushPop,2942484,3412833,1,2942484.0,2942484.0,2942484,2942484,0.0,14,14.0,1.0,5.0
:flashvep_phase1b/moe_layer/layer_24/iter_0/rank_2,PushPop,2939231,3412320,1,2939231.0,2939231.0,2939231,2939231,0.0,14,14.0,1.0,5.0
:flashvep_phase1b/moe_layer/layer_47/iter_0/rank_2,PushPop,2928127,3366534,1,2928127.0,2928127.0,2928127,2928127,0.0,14,14.0,1.0,5.0
:flashvep_phase1b/moe_layer/layer_47/iter_0/rank_3,PushPop,2917780,3366325,1,2917780.0,2917780.0,2917780,2917780,0.0,14,14.0,1.0,5.0
:flashvep_phase1b/moe_layer/layer_36/iter_0/rank_2,PushPop,2884831,3308324,1,2884831.0,2884831.0,2884831,2884831,0.0,14,14.0,1.0,5.0
:flashvep_phase1b/moe_layer/layer_36/iter_0/rank_3,PushPop,2883828,3308807,1,2883828.0,2883828.0,2883828,2883828,0.0,14,14.0,1.0,5.0
CCCL:cub::DeviceSelect::Flagged,PushPop,2271741,3994796,192,11832.0,10544.0,8896,74496,8839.1,384,2.0,0.0,0.0
:flashvep_phase1b/combine_dpep_agrs/layer_12/iter_0/rank_0,PushPop,1540510,130802,1,1540510.0,1540510.0,1540510,1540510,0.0,1,1.0,2.0,1.0
:flashvep_phase1b/combine_dpep_agrs/layer_12/iter_0/rank_1,PushPop,1536987,134432,1,1536987.0,1536987.0,1536987,1536987,0.0,1,1.0,2.0,1.0
:flashvep_phase1b/combine_dpep_agrs/layer_47/iter_0/rank_1,PushPop,1519740,129629,1,1519740.0,1519740.0,1519740,1519740,0.0,1,1.0,2.0,1.0
:flashvep_phase1b/combine_dpep_agrs/layer_24/iter_0/rank_1,PushPop,1501563,153714,1,1501563.0,1501563.0,1501563,1501563,0.0,1,1.0,2.0,1.0
:flashvep_phase1b/combine_dpep_agrs/layer_24/iter_0/rank_0,PushPop,1500991,155220,1,1500991.0,1500991.0,1500991,1500991,0.0,1,1.0,2.0,1.0
:flashvep_phase1b/combine_dpep_agrs/layer_47/iter_0/rank_0,PushPop,1499774,128465,1,1499774.0,1499774.0,1499774,1499774,0.0,1,1.0,2.0,1.0
:flashvep_phase1b/combine_dpep_agrs/layer_36/iter_0/rank_0,PushPop,1472894,131437,1,1472894.0,1472894.0,1472894,1472894,0.0,1,1.0,2.0,1.0
:flashvep_phase1b/combine_dpep_agrs/layer_36/iter_0/rank_1,PushPop,1469980,128319,1,1469980.0,1469980.0,1469980,1469980,0.0,1,1.0,2.0,1.0
:flashvep_phase1b/combine_dpep_agrs/layer_0/iter_0/rank_3,PushPop,1044092,827558,1,1044092.0,1044092.0,1044092,1044092,0.0,1,1.0,2.0,1.0
:flashvep_phase1b/combine_dpep_agrs/layer_0/iter_0/rank_2,PushPop,1042976,827912,1,1042976.0,1042976.0,1042976,1042976,0.0,1,1.0,2.0,1.0
:flashvep_phase1b/attention_block/layer_24/iter_0/rank_3,PushPop,896828,1037652,1,896828.0,896828.0,896828,896828,0.0,12,12.0,1.0,0.0
:flashvep_phase1b/attention_block/layer_24/iter_0/rank_2,PushPop,894399,1038037,1,894399.0,894399.0,894399,894399,0.0,12,12.0,1.0,0.0
:flashvep_phase1b/attention_block/layer_12/iter_0/rank_2,PushPop,893056,1039717,1,893056.0,893056.0,893056,893056,0.0,12,12.0,1.0,0.0
:flashvep_phase1b/attention_block/layer_12/iter_0/rank_3,PushPop,892700,1039051,1,892700.0,892700.0,892700,892700,0.0,12,12.0,1.0,0.0
:flashvep_phase1b/attention_block/layer_36/iter_0/rank_2,PushPop,883487,1019654,1,883487.0,883487.0,883487,883487,0.0,12,12.0,1.0,0.0
:flashvep_phase1b/attention_block/layer_36/iter_0/rank_3,PushPop,883485,1019605,1,883485.0,883485.0,883485,883485,0.0,12,12.0,1.0,0.0
:flashvep_phase1b/attention_block/layer_47/iter_0/rank_3,PushPop,863388,1000074,1,863388.0,863388.0,863388,863388,0.0,12,12.0,1.0,0.0
:flashvep_phase1b/attention_block/layer_47/iter_0/rank_2,PushPop,858143,1000133,1,858143.0,858143.0,858143,858143,0.0,12,12.0,1.0,0.0
:flashvep_phase1b/local_expert_execution/layer_47/iter_0/rank_3,PushPop,483487,754492,1,483487.0,483487.0,483487,483487,0.0,8,8.0,2.0,0.0
:flashvep_phase1b/local_expert_execution/layer_47/iter_0/rank_2,PushPop,482688,754426,1,482688.0,482688.0,482688,482688,0.0,8,8.0,2.0,0.0
:flashvep_phase1b/local_expert_execution/layer_24/iter_0/rank_3,PushPop,460382,745232,1,460382.0,460382.0,460382,460382,0.0,8,8.0,2.0,0.0
:flashvep_phase1b/local_expert_execution/layer_24/iter_0/rank_2,PushPop,459712,745030,1,459712.0,459712.0,459712,459712,0.0,8,8.0,2.0,0.0
:flashvep_phase1b/local_expert_execution/layer_36/iter_0/rank_2,PushPop,440512,718663,1,440512.0,440512.0,440512,440512,0.0,8,8.0,2.0,0.0
:flashvep_phase1b/local_expert_execution/layer_12/iter_0/rank_2,PushPop,440320,711310,1,440320.0,440320.0,440320,440320,0.0,8,8.0,2.0,0.0
:flashvep_phase1b/local_expert_execution/layer_36/iter_0/rank_3,PushPop,438046,717878,1,438046.0,438046.0,438046,438046,0.0,8,8.0,2.0,0.0
:flashvep_phase1b/local_expert_execution/layer_12/iter_0/rank_3,PushPop,437758,710661,1,437758.0,437758.0,437758,437758,0.0,8,8.0,2.0,0.0
:flashvep_phase1b/dispatch_dpep_agrs/layer_0/iter_0/rank_0,PushPop,436447,1939019,1,436447.0,436447.0,436447,436447,0.0,1,1.0,2.0,1.0
CCCL:cub::DeviceReduce::Sum,PushPop,323071,21715326,192,1682.7,1696.0,1536,1888,74.7,192,1.0,0.0,0.0
:flashvep_phase1b/combine_dpep_agrs/layer_0/iter_0/rank_0,PushPop,232320,503431,1,232320.0,232320.0,232320,232320,0.0,1,1.0,2.0,1.0
:flashvep_phase1b/dispatch_dpep_agrs/layer_0/iter_0/rank_1,PushPop,200415,2115687,1,200415.0,200415.0,200415,200415,0.0,1,1.0,2.0,1.0
:flashvep_phase1b/combine_tp_allgather_after_dpep/layer_0/iter_0/rank_0,PushPop,186015,500205,1,186015.0,186015.0,186015,186015,0.0,1,1.0,1.0,1.0
:flashvep_phase1b/local_expert_execution/layer_36/iter_0/rank_1,PushPop,139744,470737,1,139744.0,139744.0,139744,139744,0.0,8,8.0,2.0,0.0
:flashvep_phase1b/local_expert_execution/layer_47/iter_0/rank_0,PushPop,139552,441744,1,139552.0,139552.0,139552,139552,0.0,8,8.0,2.0,0.0
:flashvep_phase1b/local_expert_execution/layer_36/iter_0/rank_0,PushPop,137664,455219,1,137664.0,137664.0,137664,137664,0.0,8,8.0,2.0,0.0
:flashvep_phase1b/local_expert_execution/layer_24/iter_0/rank_0,PushPop,136831,458509,1,136831.0,136831.0,136831,136831,0.0,8,8.0,2.0,0.0
:flashvep_phase1b/local_expert_execution/layer_24/iter_0/rank_1,PushPop,134432,460376,1,134432.0,134432.0,134432,134432,0.0,8,8.0,2.0,0.0
:flashvep_phase1b/local_expert_execution/layer_12/iter_0/rank_1,PushPop,132384,483051,1,132384.0,132384.0,132384,132384,0.0,8,8.0,2.0,0.0
:flashvep_phase1b/local_expert_execution/layer_12/iter_0/rank_0,PushPop,130240,470874,1,130240.0,130240.0,130240,130240,0.0,8,8.0,2.0,0.0
:flashvep_phase1b/local_expert_execution/layer_47/iter_0/rank_1,PushPop,118911,459659,1,118911.0,118911.0,118911,118911,0.0,8,8.0,2.0,0.0
:flashvep_phase1b/attention_block/layer_12/iter_0/rank_0,PushPop,76480,743805,1,76480.0,76480.0,76480,76480,0.0,13,13.0,1.0,0.0
:flashvep_phase1b/attention_block/layer_36/iter_0/rank_0,PushPop,75616,719271,1,75616.0,75616.0,75616,75616,0.0,13,13.0,1.0,0.0
:flashvep_phase1b/attention_block/layer_24/iter_0/rank_0,PushPop,75008,730425,1,75008.0,75008.0,75008,75008,0.0,13,13.0,1.0,0.0
:flashvep_phase1b/attention_block/layer_36/iter_0/rank_1,PushPop,74944,733434,1,74944.0,74944.0,74944,74944,0.0,13,13.0,1.0,0.0
:flashvep_phase1b/attention_block/layer_47/iter_0/rank_1,PushPop,74080,735597,1,74080.0,74080.0,74080,74080,0.0,13,13.0,1.0,0.0
:flashvep_phase1b/attention_block/layer_24/iter_0/rank_1,PushPop,73632,714165,1,73632.0,73632.0,73632,73632,0.0,13,13.0,1.0,0.0
:flashvep_phase1b/attention_block/layer_47/iter_0/rank_0,PushPop,72895,713590,1,72895.0,72895.0,72895,72895,0.0,13,13.0,1.0,0.0
:flashvep_phase1b/attention_block/layer_12/iter_0/rank_1,PushPop,72256,732609,1,72256.0,72256.0,72256,72256,0.0,13,13.0,1.0,0.0
:flashvep_phase1b/dispatch_dpep_agrs/layer_12/iter_0/rank_3,PushPop,33472,347499,1,33472.0,33472.0,33472,33472,0.0,1,1.0,2.0,1.0
:flashvep_phase1b/dispatch_dpep_agrs/layer_47/iter_0/rank_3,PushPop,16704,338126,1,16704.0,16704.0,16704,16704,0.0,1,1.0,2.0,1.0
:flashvep_phase1b/dispatch_dpep_agrs/layer_36/iter_0/rank_3,PushPop,16320,357075,1,16320.0,16320.0,16320,16320,0.0,1,1.0,2.0,1.0
:flashvep_phase1b/dispatch_dpep_agrs/layer_24/iter_0/rank_2,PushPop,15136,350674,1,15136.0,15136.0,15136,15136,0.0,1,1.0,2.0,1.0
:flashvep_phase1b/dispatch_dpep_agrs/layer_36/iter_0/rank_2,PushPop,15008,356255,1,15008.0,15008.0,15008,15008,0.0,1,1.0,2.0,1.0
:flashvep_phase1b/dispatch_dpep_agrs/layer_47/iter_0/rank_2,PushPop,14432,334652,1,14432.0,14432.0,14432,14432,0.0,1,1.0,2.0,1.0
:flashvep_phase1b/dispatch_dpep_agrs/layer_12/iter_0/rank_2,PushPop,14400,324190,1,14400.0,14400.0,14400,14400,0.0,1,1.0,2.0,1.0
:flashvep_phase1b/dispatch_dpep_agrs/layer_24/iter_0/rank_3,PushPop,14048,350755,1,14048.0,14048.0,14048,14048,0.0,1,1.0,2.0,1.0
:flashvep_phase1b/combine_dpep_agrs/layer_24/iter_0/rank_3,PushPop,13440,220394,1,13440.0,13440.0,13440,13440,0.0,1,1.0,2.0,1.0
:flashvep_phase1b/combine_dpep_agrs/layer_12/iter_0/rank_3,PushPop,13312,222059,1,13312.0,13312.0,13312,13312,0.0,1,1.0,2.0,1.0
:flashvep_phase1b/combine_dpep_agrs/layer_47/iter_0/rank_3,PushPop,13312,220858,1,13312.0,13312.0,13312,13312,0.0,1,1.0,2.0,1.0
:flashvep_phase1b/combine_dpep_agrs/layer_24/iter_0/rank_2,PushPop,12800,220221,1,12800.0,12800.0,12800,12800,0.0,1,1.0,2.0,1.0
:flashvep_phase1b/combine_dpep_agrs/layer_36/iter_0/rank_3,PushPop,12480,248151,1,12480.0,12480.0,12480,12480,0.0,1,1.0,2.0,1.0
:flashvep_phase1b/combine_dpep_agrs/layer_12/iter_0/rank_2,PushPop,12352,221918,1,12352.0,12352.0,12352,12352,0.0,1,1.0,2.0,1.0
:flashvep_phase1b/combine_dpep_agrs/layer_0/iter_0/rank_1,PushPop,12192,479977,1,12192.0,12192.0,12192,12192,0.0,1,1.0,2.0,1.0
:flashvep_phase1b/combine_dpep_agrs/layer_47/iter_0/rank_2,PushPop,11936,220850,1,11936.0,11936.0,11936,11936,0.0,1,1.0,2.0,1.0
:flashvep_phase1b/combine_tp_allgather_after_dpep/layer_24/iter_0/rank_1,PushPop,11008,179610,1,11008.0,11008.0,11008,11008,0.0,1,1.0,1.0,1.0
:flashvep_phase1b/combine_dpep_agrs/layer_36/iter_0/rank_2,PushPop,10912,248116,1,10912.0,10912.0,10912,10912,0.0,1,1.0,2.0,1.0
:flashvep_phase1b/combine_tp_allgather_after_dpep/layer_47/iter_0/rank_1,PushPop,9824,179151,1,9824.0,9824.0,9824,9824,0.0,1,1.0,1.0,1.0
:flashvep_phase1b/combine_tp_allgather_after_dpep/layer_0/iter_0/rank_1,PushPop,9408,453383,1,9408.0,9408.0,9408,9408,0.0,1,1.0,1.0,1.0
:flashvep_phase1b/combine_tp_allgather_after_dpep/layer_0/iter_0/rank_2,PushPop,9152,652806,1,9152.0,9152.0,9152,9152,0.0,1,1.0,1.0,1.0
:flashvep_phase1b/combine_tp_allgather_after_dpep/layer_0/iter_0/rank_3,PushPop,9024,651911,1,9024.0,9024.0,9024,9024,0.0,1,1.0,1.0,1.0
:flashvep_phase1b/combine_tp_allgather_after_dpep/layer_36/iter_0/rank_0,PushPop,8480,170920,1,8480.0,8480.0,8480,8480,0.0,1,1.0,1.0,1.0
:flashvep_phase1b/combine_tp_allgather_after_dpep/layer_36/iter_0/rank_3,PushPop,8032,244421,1,8032.0,8032.0,8032,8032,0.0,1,1.0,1.0,1.0
:flashvep_phase1b/combine_tp_allgather_after_dpep/layer_12/iter_0/rank_0,PushPop,8000,193308,1,8000.0,8000.0,8000,8000,0.0,1,1.0,1.0,1.0
:flashvep_phase1b/combine_tp_allgather_after_dpep/layer_36/iter_0/rank_1,PushPop,7520,167887,1,7520.0,7520.0,7520,7520,0.0,1,1.0,1.0,1.0
:flashvep_phase1b/combine_tp_allgather_after_dpep/layer_24/iter_0/rank_0,PushPop,7424,171998,1,7424.0,7424.0,7424,7424,0.0,1,1.0,1.0,1.0
:flashvep_phase1b/combine_tp_allgather_after_dpep/layer_47/iter_0/rank_0,PushPop,7424,176080,1,7424.0,7424.0,7424,7424,0.0,1,1.0,1.0,1.0
:flashvep_phase1b/combine_tp_allgather_after_dpep/layer_12/iter_0/rank_1,PushPop,7392,188057,1,7392.0,7392.0,7392,7392,0.0,1,1.0,1.0,1.0
:flashvep_phase1b/combine_tp_allgather_after_dpep/layer_24/iter_0/rank_2,PushPop,6944,245144,1,6944.0,6944.0,6944,6944,0.0,1,1.0,1.0,1.0
:flashvep_phase1b/combine_tp_allgather_after_dpep/layer_47/iter_0/rank_2,PushPop,6592,247953,1,6592.0,6592.0,6592,6592,0.0,1,1.0,1.0,1.0
:flashvep_phase1b/combine_tp_allgather_after_dpep/layer_12/iter_0/rank_3,PushPop,6496,246608,1,6496.0,6496.0,6496,6496,0.0,1,1.0,1.0,1.0
:flashvep_phase1b/combine_tp_allgather_after_dpep/layer_36/iter_0/rank_2,PushPop,6464,244349,1,6464.0,6464.0,6464,6464,0.0,1,1.0,1.0,1.0
:flashvep_phase1b/combine_tp_allgather_after_dpep/layer_24/iter_0/rank_3,PushPop,6368,245564,1,6368.0,6368.0,6368,6368,0.0,1,1.0,1.0,1.0
:flashvep_phase1b/combine_tp_allgather_after_dpep/layer_47/iter_0/rank_3,PushPop,6208,244435,1,6208.0,6208.0,6208,6208,0.0,1,1.0,1.0,1.0
:flashvep_phase1b/combine_tp_allgather_after_dpep/layer_12/iter_0/rank_2,PushPop,6080,246895,1,6080.0,6080.0,6080,6080,0.0,1,1.0,1.0,1.0
:flashvep_phase1b/router_projection/layer_24/iter_0/rank_1,PushPop,5888,68500,1,5888.0,5888.0,5888,5888,0.0,1,1.0,2.0,0.0
:flashvep_phase1b/router_projection/layer_36/iter_0/rank_0,PushPop,5888,65564,1,5888.0,5888.0,5888,5888,0.0,1,1.0,2.0,0.0
:flashvep_phase1b/router_projection/layer_36/iter_0/rank_1,PushPop,5760,70048,1,5760.0,5760.0,5760,5760,0.0,1,1.0,2.0,0.0
:flashvep_phase1b/router_projection/layer_47/iter_0/rank_0,PushPop,5760,72351,1,5760.0,5760.0,5760,5760,0.0,1,1.0,2.0,0.0
:flashvep_phase1b/router_projection/layer_47/iter_0/rank_1,PushPop,5728,75694,1,5728.0,5728.0,5728,5728,0.0,1,1.0,2.0,0.0
:flashvep_phase1b/router_projection/layer_12/iter_0/rank_1,PushPop,5696,59946,1,5696.0,5696.0,5696,5696,0.0,1,1.0,2.0,0.0
:flashvep_phase1b/router_projection/layer_24/iter_0/rank_0,PushPop,5696,66193,1,5696.0,5696.0,5696,5696,0.0,1,1.0,2.0,0.0
:flashvep_phase1b/router_projection/layer_0/iter_0/rank_0,PushPop,5664,230515,1,5664.0,5664.0,5664,5664,0.0,1,1.0,2.0,0.0
:flashvep_phase1b/router_projection/layer_0/iter_0/rank_3,PushPop,5664,372460,1,5664.0,5664.0,5664,5664,0.0,1,1.0,2.0,0.0
:flashvep_phase1b/router_projection/layer_12/iter_0/rank_2,PushPop,5600,124754,1,5600.0,5600.0,5600,5600,0.0,1,1.0,2.0,0.0
:flashvep_phase1b/router_topk/layer_12/iter_0/rank_0,PushPop,5600,78633,1,5600.0,5600.0,5600,5600,0.0,1,1.0,2.0,0.0
:flashvep_phase1b/router_topk/layer_24/iter_0/rank_1,PushPop,5600,59534,1,5600.0,5600.0,5600,5600,0.0,1,1.0,2.0,0.0
:flashvep_phase1b/router_projection/layer_0/iter_0/rank_1,PushPop,5568,226790,1,5568.0,5568.0,5568,5568,0.0,1,1.0,2.0,0.0
:flashvep_phase1b/router_projection/layer_12/iter_0/rank_0,PushPop,5568,63337,1,5568.0,5568.0,5568,5568,0.0,1,1.0,2.0,0.0
:flashvep_phase1b/router_topk/layer_47/iter_0/rank_0,PushPop,5568,60347,1,5568.0,5568.0,5568,5568,0.0,1,1.0,2.0,0.0
:flashvep_phase1b/router_projection/layer_24/iter_0/rank_2,PushPop,5536,117487,1,5536.0,5536.0,5536,5536,0.0,1,1.0,2.0,0.0
:flashvep_phase1b/router_projection/layer_47/iter_0/rank_2,PushPop,5536,116535,1,5536.0,5536.0,5536,5536,0.0,1,1.0,2.0,0.0
:flashvep_phase1b/router_topk/layer_0/iter_0/rank_0,PushPop,5536,89028,1,5536.0,5536.0,5536,5536,0.0,1,1.0,2.0,0.0
:flashvep_phase1b/router_topk/layer_47/iter_0/rank_1,PushPop,5536,62034,1,5536.0,5536.0,5536,5536,0.0,1,1.0,2.0,0.0
:flashvep_phase1b/router_projection/layer_36/iter_0/rank_3,PushPop,5504,115957,1,5504.0,5504.0,5504,5504,0.0,1,1.0,2.0,0.0
:flashvep_phase1b/router_topk/layer_0/iter_0/rank_1,PushPop,5472,87856,1,5472.0,5472.0,5472,5472,0.0,1,1.0,2.0,0.0
:flashvep_phase1b/router_topk/layer_12/iter_0/rank_1,PushPop,5439,73541,1,5439.0,5439.0,5439,5439,0.0,1,1.0,2.0,0.0
:flashvep_phase1b/router_projection/layer_36/iter_0/rank_2,PushPop,5344,115785,1,5344.0,5344.0,5344,5344,0.0,1,1.0,2.0,0.0
:flashvep_phase1b/router_projection/layer_24/iter_0/rank_3,PushPop,5312,116885,1,5312.0,5312.0,5312,5312,0.0,1,1.0,2.0,0.0
:flashvep_phase1b/router_topk/layer_36/iter_0/rank_0,PushPop,5312,58673,1,5312.0,5312.0,5312,5312,0.0,1,1.0,2.0,0.0
:flashvep_phase1b/router_projection/layer_47/iter_0/rank_3,PushPop,5280,112343,1,5280.0,5280.0,5280,5280,0.0,1,1.0,2.0,0.0
:flashvep_phase1b/router_topk/layer_24/iter_0/rank_0,PushPop,5280,58796,1,5280.0,5280.0,5280,5280,0.0,1,1.0,2.0,0.0
:flashvep_phase1b/router_topk/layer_36/iter_0/rank_1,PushPop,5280,57110,1,5280.0,5280.0,5280,5280,0.0,1,1.0,2.0,0.0
:flashvep_phase1b/router_projection/layer_12/iter_0/rank_3,PushPop,5216,124540,1,5216.0,5216.0,5216,5216,0.0,1,1.0,2.0,0.0
:flashvep_phase1b/router_projection/layer_0/iter_0/rank_2,PushPop,5184,368929,1,5184.0,5184.0,5184,5184,0.0,1,1.0,2.0,0.0
:flashvep_phase1b/router_topk/layer_12/iter_0/rank_2,PushPop,4384,122700,1,4384.0,4384.0,4384,4384,0.0,1,1.0,2.0,0.0
:flashvep_phase1b/router_topk/layer_47/iter_0/rank_3,PushPop,4384,105440,1,4384.0,4384.0,4384,4384,0.0,1,1.0,2.0,0.0
:flashvep_phase1b/router_topk/layer_24/iter_0/rank_3,PushPop,4352,109375,1,4352.0,4352.0,4352,4352,0.0,1,1.0,2.0,0.0
:flashvep_phase1b/router_topk/layer_36/iter_0/rank_3,PushPop,4352,102933,1,4352.0,4352.0,4352,4352,0.0,1,1.0,2.0,0.0
:flashvep_phase1b/router_topk/layer_0/iter_0/rank_2,PushPop,4320,402584,1,4320.0,4320.0,4320,4320,0.0,1,1.0,2.0,0.0
:flashvep_phase1b/router_topk/layer_0/iter_0/rank_3,PushPop,4288,389171,1,4288.0,4288.0,4288,4288,0.0,1,1.0,2.0,0.0
:flashvep_phase1b/router_topk/layer_24/iter_0/rank_2,PushPop,4288,109380,1,4288.0,4288.0,4288,4288,0.0,1,1.0,2.0,0.0
:flashvep_phase1b/router_topk/layer_36/iter_0/rank_2,PushPop,4288,103000,1,4288.0,4288.0,4288,4288,0.0,1,1.0,2.0,0.0
:flashvep_phase1b/router_topk/layer_12/iter_0/rank_3,PushPop,4256,122707,1,4256.0,4256.0,4256,4256,0.0,1,1.0,2.0,0.0
:flashvep_phase1b/router_topk/layer_47/iter_0/rank_2,PushPop,4224,105358,1,4224.0,4224.0,4224,4224,0.0,1,1.0,2.0,0.0
:flashvep_phase1b/input_residual_rmsnorm/layer_36/iter_0/rank_2,PushPop,3296,51630,1,3296.0,3296.0,3296,3296,0.0,1,1.0,1.0,0.0
:flashvep_phase1b/input_residual_rmsnorm/layer_47/iter_0/rank_3,PushPop,3232,52671,1,3232.0,3232.0,3232,3232,0.0,1,1.0,1.0,0.0
:flashvep_phase1b/input_residual_rmsnorm/layer_24/iter_0/rank_2,PushPop,3104,50783,1,3104.0,3104.0,3104,3104,0.0,1,1.0,1.0,0.0
:flashvep_phase1b/input_residual_rmsnorm/layer_36/iter_0/rank_3,PushPop,3104,51465,1,3104.0,3104.0,3104,3104,0.0,1,1.0,1.0,0.0
:flashvep_phase1b/input_residual_rmsnorm/layer_12/iter_0/rank_2,PushPop,3072,51317,1,3072.0,3072.0,3072,3072,0.0,1,1.0,1.0,0.0
:flashvep_phase1b/input_residual_rmsnorm/layer_0/iter_0/rank_3,PushPop,3040,355965,1,3040.0,3040.0,3040,3040,0.0,1,1.0,1.0,0.0
:flashvep_phase1b/input_residual_rmsnorm/layer_47/iter_0/rank_2,PushPop,2976,52649,1,2976.0,2976.0,2976,2976,0.0,1,1.0,1.0,0.0
:flashvep_phase1b/post_attention_residual_rmsnorm/layer_0/iter_0/rank_2,PushPop,2912,195520,1,2912.0,2912.0,2912,2912,0.0,1,1.0,1.0,0.0
:flashvep_phase1b/input_residual_rmsnorm/layer_12/iter_0/rank_0,PushPop,2880,32280,1,2880.0,2880.0,2880,2880,0.0,1,1.0,1.0,0.0
:flashvep_phase1b/input_residual_rmsnorm/layer_12/iter_0/rank_3,PushPop,2880,52077,1,2880.0,2880.0,2880,2880,0.0,1,1.0,1.0,0.0
:flashvep_phase1b/input_residual_rmsnorm/layer_12/iter_0/rank_1,PushPop,2848,31919,1,2848.0,2848.0,2848,2848,0.0,1,1.0,1.0,0.0
:flashvep_phase1b/input_residual_rmsnorm/layer_24/iter_0/rank_3,PushPop,2848,50800,1,2848.0,2848.0,2848,2848,0.0,1,1.0,1.0,0.0
:flashvep_phase1b/input_residual_rmsnorm/layer_47/iter_0/rank_0,PushPop,2848,33747,1,2848.0,2848.0,2848,2848,0.0,1,1.0,1.0,0.0
:flashvep_phase1b/input_residual_rmsnorm/layer_36/iter_0/rank_0,PushPop,2816,35723,1,2816.0,2816.0,2816,2816,0.0,1,1.0,1.0,0.0
:flashvep_phase1b/input_residual_rmsnorm/layer_36/iter_0/rank_1,PushPop,2816,31566,1,2816.0,2816.0,2816,2816,0.0,1,1.0,1.0,0.0
:flashvep_phase1b/input_residual_rmsnorm/layer_47/iter_0/rank_1,PushPop,2784,32403,1,2784.0,2784.0,2784,2784,0.0,1,1.0,1.0,0.0
:flashvep_phase1b/post_attention_residual_rmsnorm/layer_24/iter_0/rank_3,PushPop,2784,46348,1,2784.0,2784.0,2784,2784,0.0,1,1.0,1.0,0.0
:flashvep_phase1b/input_residual_rmsnorm/layer_24/iter_0/rank_0,PushPop,2752,33397,1,2752.0,2752.0,2752,2752,0.0,1,1.0,1.0,0.0
:flashvep_phase1b/input_residual_rmsnorm/layer_24/iter_0/rank_1,PushPop,2752,32221,1,2752.0,2752.0,2752,2752,0.0,1,1.0,1.0,0.0
:flashvep_phase1b/post_attention_residual_rmsnorm/layer_12/iter_0/rank_2,PushPop,2752,47637,1,2752.0,2752.0,2752,2752,0.0,1,1.0,1.0,0.0
:flashvep_phase1b/post_attention_residual_rmsnorm/layer_36/iter_0/rank_3,PushPop,2752,46552,1,2752.0,2752.0,2752,2752,0.0,1,1.0,1.0,0.0
:flashvep_phase1b/post_attention_residual_rmsnorm/layer_47/iter_0/rank_3,PushPop,2688,44655,1,2688.0,2688.0,2688,2688,0.0,1,1.0,1.0,0.0
:flashvep_phase1b/input_residual_rmsnorm/layer_0/iter_0/rank_2,PushPop,2528,367232,1,2528.0,2528.0,2528,2528,0.0,1,1.0,1.0,0.0
:flashvep_phase1b/post_attention_residual_rmsnorm/layer_12/iter_0/rank_3,PushPop,2528,47573,1,2528.0,2528.0,2528,2528,0.0,1,1.0,1.0,0.0
:flashvep_phase1b/post_attention_residual_rmsnorm/layer_24/iter_0/rank_2,PushPop,2528,46209,1,2528.0,2528.0,2528,2528,0.0,1,1.0,1.0,0.0
:flashvep_phase1b/post_attention_residual_rmsnorm/layer_36/iter_0/rank_0,PushPop,2528,28859,1,2528.0,2528.0,2528,2528,0.0,1,1.0,1.0,0.0
:flashvep_phase1b/post_attention_residual_rmsnorm/layer_36/iter_0/rank_1,PushPop,2528,24899,1,2528.0,2528.0,2528,2528,0.0,1,1.0,1.0,0.0
:flashvep_phase1b/post_attention_residual_rmsnorm/layer_47/iter_0/rank_2,PushPop,2496,45303,1,2496.0,2496.0,2496,2496,0.0,1,1.0,1.0,0.0
:flashvep_phase1b/input_residual_rmsnorm/layer_0/iter_0/rank_1,PushPop,2464,85099,1,2464.0,2464.0,2464,2464,0.0,1,1.0,1.0,0.0
:flashvep_phase1b/post_attention_residual_rmsnorm/layer_0/iter_0/rank_0,PushPop,2464,39308,1,2464.0,2464.0,2464,2464,0.0,1,1.0,1.0,0.0
:flashvep_phase1b/post_attention_residual_rmsnorm/layer_0/iter_0/rank_1,PushPop,2464,39123,1,2464.0,2464.0,2464,2464,0.0,1,1.0,1.0,0.0
:flashvep_phase1b/post_attention_residual_rmsnorm/layer_12/iter_0/rank_0,PushPop,2464,27374,1,2464.0,2464.0,2464,2464,0.0,1,1.0,1.0,0.0
:flashvep_phase1b/post_attention_residual_rmsnorm/layer_12/iter_0/rank_1,PushPop,2464,24523,1,2464.0,2464.0,2464,2464,0.0,1,1.0,1.0,0.0
:flashvep_phase1b/post_attention_residual_rmsnorm/layer_36/iter_0/rank_2,PushPop,2464,46909,1,2464.0,2464.0,2464,2464,0.0,1,1.0,1.0,0.0
:flashvep_phase1b/post_attention_residual_rmsnorm/layer_0/iter_0/rank_3,PushPop,2432,164277,1,2432.0,2432.0,2432,2432,0.0,1,1.0,1.0,0.0
:flashvep_phase1b/post_attention_residual_rmsnorm/layer_24/iter_0/rank_0,PushPop,2432,29769,1,2432.0,2432.0,2432,2432,0.0,1,1.0,1.0,0.0
:flashvep_phase1b/post_attention_residual_rmsnorm/layer_47/iter_0/rank_0,PushPop,2432,24259,1,2432.0,2432.0,2432,2432,0.0,1,1.0,1.0,0.0
:flashvep_phase1b/post_attention_residual_rmsnorm/layer_47/iter_0/rank_1,PushPop,2432,30756,1,2432.0,2432.0,2432,2432,0.0,1,1.0,1.0,0.0
:flashvep_phase1b/post_attention_residual_rmsnorm/layer_24/iter_0/rank_1,PushPop,2400,27431,1,2400.0,2400.0,2400,2400,0.0,1,1.0,1.0,0.0
:flashvep_phase1b/input_residual_rmsnorm/layer_0/iter_0/rank_0,PushPop,2336,82020,1,2336.0,2336.0,2336,2336,0.0,1,1.0,1.0,0.0
