scope,layer,samples,critical_rank_mode,t_layer_ms_median,t_layer_ms_p90,t_layer_ms_mean,t_layer_ms_stdev,t_attention_ms_median,t_attention_ms_p90,t_attention_ms_mean,t_attention_ms_stdev,t_norm_router_ms_median,t_norm_router_ms_p90,t_norm_router_ms_mean,t_norm_router_ms_stdev,t_dispatch_ms_median,t_dispatch_ms_p90,t_dispatch_ms_mean,t_dispatch_ms_stdev,t_expert_max_ms_median,t_expert_max_ms_p90,t_expert_max_ms_mean,t_expert_max_ms_stdev,t_combine_ms_median,t_combine_ms_p90,t_combine_ms_mean,t_combine_ms_stdev,t_moe_max_ms_median,t_moe_max_ms_p90,t_moe_max_ms_mean,t_moe_max_ms_stdev,expert_fraction_median,expert_fraction_p90,expert_fraction_mean,expert_fraction_stdev,exposed_nonexpert_fraction_median,exposed_nonexpert_fraction_p90,exposed_nonexpert_fraction_mean,exposed_nonexpert_fraction_stdev,t_optimistic_ms_median,t_optimistic_ms_p90,t_optimistic_ms_mean,t_optimistic_ms_stdev,oracle_speedup_median,oracle_speedup_p90,oracle_speedup_mean,oracle_speedup_stdev
layer,0,20,0,2.4443360567092896,3.0476671218872076,2.534561586380005,0.40350682351828815,1.3061280250549316,1.4336544156074527,1.2559440046548844,0.2665662542431898,0.24908799678087234,0.27067519947886476,0.2578495987690985,0.033857978451559106,0.0,0.0,0.0,0.0,0.4551040083169937,0.5812383770942687,0.5238544046878815,0.22189470572001918,0.7901760041713715,1.0650783538818365,0.7387936003506184,0.43131030469535475,1.0947840213775635,1.4375007510185245,1.1961456000804902,0.2680531224679383,0.1857734711789374,0.22646924645053595,0.20414683002562417,0.05405980676488606,0.6345547452477857,0.6492116397328263,0.5972970444312248,0.06527207167704074,2.366928042843938,2.8269727740436803,2.2525872037746013,0.6672632512969882,1.043764765062431,1.5886941904096956,1.1910371799965351,0.27806033961263005
layer,1,20,2,2.0271999835968018,2.1578911066055304,2.0944543838500977,0.25844678072485844,0.9359680116176605,1.024687969684601,0.9643248051404953,0.13397365616107346,0.2111679995432496,0.2361824056133628,0.21996960090473294,0.0312795948886295,0.0,0.0,0.0,0.0,0.44492800533771515,0.4650336027145386,0.4507424011826515,0.03606104572501166,0.786543995141983,0.8637728095054628,0.6847408019006253,0.299231612499262,1.0562880039215088,1.1036511778831484,1.086841595172882,0.13247577124474413,0.2177844898804522,0.22630630003497154,0.2161170194176044,0.010217779029836775,0.5669267061177004,0.5791336817161915,0.564821669117928,0.014518957675507477,1.9130400205031037,2.1046847786754372,1.8690352079458534,0.4293784708865927,1.0407255151946382,1.5118969912706324,1.1559648383234042,0.206542186828453
layer,2,20,1,1.9925280213356018,2.3473855495452893,2.1206831991672517,0.35154716370343997,0.9228799939155579,1.001465630531311,0.9473264038562774,0.12366943811100178,0.2071519996970892,0.23644479792565115,0.2189840001054108,0.032371001988749405,0.0,0.0,0.0,0.0,0.44648000597953796,0.4764415979385378,0.49768479615449907,0.21808280323000717,0.7897759974002838,0.864175993204117,0.7043824009597301,0.27791468884377174,1.0366560220718384,1.2646304368972785,1.137579208612442,0.2733470887388006,0.22216838650564436,0.2341367671989425,0.23016105807967618,0.05373908912613378,0.5638225954344904,0.5712073671352905,0.5540376755415858,0.0424007982279357,1.9030880080536008,2.074035190790892,1.8821200020611286,0.3950432061303901,1.0362285838550462,1.4785617864526586,1.1518797545612154,0.21325305930821475
layer,3,20,3,2.0036799907684326,2.4968671083450324,2.147999995946884,0.3541132993604911,0.9102720022201538,1.1410112380981448,0.9667248010635376,0.1483740665798114,0.2125120023265481,0.24755840301513682,0.22482240181416274,0.037380222152351594,0.0,0.0,0.0,0.0,0.4397120028734207,0.614307224750519,0.4867184028029442,0.10705698015169968,0.7793760001659393,0.9442399859428413,0.7577312007546425,0.32086260464973254,1.0366079807281494,1.4014399647712712,1.145659190416336,0.2298558492269267,0.21881997568853012,0.23503746747255713,0.22612697533277215,0.027813806279624365,0.5618614717321395,0.5779147996397587,0.5565911543445938,0.03133876452284921,1.8972000107169151,2.4523328268900517,1.9492784036323427,0.4668425230847826,1.0410718966553953,1.3631765566931628,1.1242797033491592,0.1511455180020956
layer,4,20,1,1.972432017326355,2.4635168075561538,2.1277935981750487,0.3548460456993473,0.9035199880599976,1.2540319561958313,0.9722431987524033,0.1726847193716702,0.21511999983340502,0.2700063981115819,0.2271599995903671,0.040430195366462814,0.0,0.0,0.0,0.0,0.45153599977493286,0.531177580356598,0.46657440066337585,0.049347485553116,0.7912960052490234,1.15049284696579,0.7850848034024238,0.28160958770801386,1.0402079820632935,1.3868128061294558,1.1226527899503709,0.1927929415455584,0.22436466045167697,0.2350278017285315,0.22104309636264366,0.013285399764587228,0.561436664265726,0.5764623112034172,0.5633116692835345,0.016195347525020748,1.8827040325850248,2.464937690645457,1.9844880017451942,0.46341054008562527,1.0345796746756926,1.2815662278243138,1.0896126271169413,0.11675188883067969
layer,5,20,3,1.9830079674720764,2.4786464929580694,2.136398380994797,0.3494677094866702,0.9014559984207153,1.1846560359001164,0.9700096040964127,0.17572353967229898,0.21385600324720144,0.253734407760203,0.2279760013334453,0.04008640292641054,0.0,0.0,0.0,0.0,0.4429599940776825,0.5559935927391053,0.47187039703130723,0.054242405962465615,0.7849120199680328,1.0125983893871313,0.8042272001504898,0.25328903185173074,1.0522080063819885,1.2616768002510077,1.1334783911705018,0.17914470291117937,0.22289572800350632,0.23119395334867024,0.22234964066823987,0.013725119165112862,0.5595705090930824,0.5768470879883583,0.5599160484003367,0.01642221450777646,1.8988160258159041,2.441657630726696,2.002212805580348,0.44657908990580336,1.0388985607420151,1.215701239477865,1.081151389491349,0.0985269681148665
layer,6,20,2,1.9875680208206177,2.641152095794678,2.173534393310547,0.3650105642085268,0.8986240029335022,1.4238111853599549,0.9967792004346847,0.19984686499928817,0.21087999921292067,0.2832223998382688,0.22612479934468865,0.03995087625607564,0.0,0.0,0.0,0.0,0.45923198759555817,0.5911680221557617,0.47901119887828825,0.06417478162461966,0.8028320074081421,1.1783168315887453,0.8343632034957409,0.26536153997636386,1.060479998588562,1.4250335574150088,1.1440496116876602,0.189550283874686,0.22680504655744788,0.24000354453845735,0.22197921434729967,0.01899413983348843,0.5598116328172984,0.571933684099438,0.5614503071146167,0.025053808799869296,1.8978400006890297,2.6442527996376164,2.0572672032751145,0.42517280624233117,1.0383627661026928,1.1626668026456397,1.0653945852338098,0.08725893778595806
layer,7,20,2,1.9911839962005615,2.2158144235610977,2.1002496123313903,0.33224590538124515,0.9048959910869598,0.9887839794158942,0.9482687920331955,0.15199725467876815,0.20796799939125776,0.24589759819209592,0.22495040018111467,0.04338884924446127,0.0,0.0,0.0,0.0,0.45841600000858307,0.5223583817481996,0.4713135987520218,0.04586451938246555,0.7842560112476349,0.9386304318904883,0.8167504042387008,0.2311260984274816,1.048687994480133,1.194784045219422,1.1194256067276,0.18291429158736508,0.22627519991295156,0.23990841718778752,0.22609130272126912,0.014369248723539167,0.5628021712734617,0.5679328083334673,0.5582606812221437,0.010168647770178252,1.897631986066699,2.172073610126974,1.989969596453011,0.4104152467943756,1.042290963697201,1.1291592013035674,1.0664907804361705,0.09817142034012497
layer,8,20,1,1.9920479655265808,2.1883072376251236,2.101075178384781,0.355724597977772,0.8908319771289825,0.991273611783982,0.9450832098722458,0.16412652716115966,0.20454399846494198,0.24051519744098204,0.22111999988555908,0.045086346097861156,0.0,0.0,0.0,0.0,0.4469760060310364,0.5741824030876159,0.4669440001249313,0.05819255450878437,0.8114239871501923,0.9947520196437842,0.850227202475071,0.23122202229253602,1.0600640177726746,1.2362464070320136,1.1230895936489105,0.19588662311363228,0.2228164469338329,0.23987554437464248,0.22379151830564062,0.017367784004986103,0.5573017436962857,0.5707633831231596,0.5546692398677691,0.01649693620520315,1.8987840050831437,2.1296576471999304,2.016430412232876,0.42406915792441047,1.0398019875277198,1.0503000370868985,1.0505288295855995,0.07744670160539927
layer,9,20,2,2.0077120065689087,3.0500383377075195,2.2028816103935243,0.3937727703182216,0.9045119881629944,1.3711456418037415,0.9821423977613449,0.18012971349463366,0.21182399988174438,0.33820159658789634,0.23605599906295538,0.05246586489833189,0.0,0.0,0.0,0.0,0.45612800121307373,0.5840576112270356,0.48956960141658784,0.0673387973282843,0.8233279883861542,1.4080127835273741,0.9160895988345146,0.24580602672359278,1.0697280168533325,1.645792043209076,1.1882432103157043,0.21976241724325288,0.21896785833160695,0.262841143318152,0.22431995723888187,0.02330828925189185,0.5597022878020514,0.5676384940764662,0.5525924372686726,0.018816003786470456,1.9255999904125929,3.1295679405331613,2.134287995658815,0.4662703561014815,1.0356858586828612,1.0616976573618127,1.0401567418579178,0.06014263731837534
layer,10,20,3,1.9898239970207214,3.101936101913452,2.2041375994682313,0.4249157827536583,0.9085280001163483,1.4085472345352172,0.9918288052082062,0.19414911603547663,0.21161599922925234,0.3374495904892683,0.23358719917014242,0.053725345291333645,0.0,0.0,0.0,0.0,0.4459199905395508,0.6005280196666718,0.4798624023795128,0.06616247489823382,0.8233279883861542,1.4215743899345399,0.9248512029647827,0.25315661182279103,1.0708640217781067,1.6563968420028687,1.179585614800453,0.23672685605568572,0.21986298963341783,0.2413625579611412,0.2197258664970932,0.015866788591590436,0.5617006687435284,0.5718243361837724,0.5556346224581583,0.02012750341107097,1.9225760325789452,3.1740063801407814,2.1502672073431315,0.49052620396940777,1.0324528547290992,1.0419274950081248,1.031814053045594,0.043933855720656896
layer,11,20,2,1.993183970451355,3.0869024991989136,2.1718591868877413,0.40925562772152363,0.9148319959640503,1.3850399613380433,0.9842895984649658,0.1847114774501914,0.2117119962349534,0.33746879920363426,0.23507839851081372,0.05072805507192738,0.0,0.0,0.0,0.0,0.4424480050802231,0.6039487838745118,0.4675344005227089,0.062003511966019165,0.8161280155181885,1.4277536511421203,0.9049696058034897,0.23580428131319495,1.0581440329551697,1.667846405506134,1.1552864074707032,0.22713588423930367,0.21889891765612732,0.2294910073665649,0.2170541444014253,0.012472732987921972,0.5623287555419016,0.5729351284576427,0.5612298550347021,0.01133518676574704,1.9291199743747711,3.1684096045792103,2.1243376027792693,0.4661526923098603,1.0326073655327153,1.040738749775005,1.0277839603064358,0.03482650868347656
layer,12,20,2,2.027776002883911,3.1138688087463384,2.3204240262508393,0.5139335922422772,0.8983039855957031,1.3706815600395204,0.991795203089714,0.20578545679947854,0.20956799946725368,0.33594880327582355,0.22947520008310676,0.0508723026166815,0.0,0.0,0.0,0.0,0.4527200013399124,0.6666559875011445,0.5560784012079238,0.2320044075878219,0.8357920050621033,1.5344288110733038,1.016899198293686,0.3799320343078209,1.0950559973716736,1.7911872148513799,1.2885952174663544,0.39527917748145625,0.2236765960395387,0.27533488462224287,0.23766065892431293,0.060776750378176356,0.5546996632271183,0.5717402118962739,0.5338229704360016,0.07052746376956308,1.9488799907267094,3.174255957081914,2.2561056023463606,0.5670592774980056,1.0362172819064241,1.0541791971572805,1.035790405706753,0.058202570051991476
layer,13,20,1,2.020303964614868,3.1275679349899295,2.366200017929077,0.9695889714924032,0.9253759980201721,1.4491615772247315,1.1122559875249862,0.569447286833152,0.21094400063157082,0.3459584027528763,0.2505455997772515,0.09547445742168151,0.0,0.0,0.0,0.0,0.4418720006942749,0.5820319950580597,0.4876768052577972,0.11809237383089627,0.8128799796104431,1.4082912206649782,0.979377594590187,0.4062836563136331,1.058463990688324,1.6459680080413819,1.2215872049331664,0.4050366959491916,0.21833392793141865,0.22873570985159422,0.2131698669600562,0.0201160484857977,0.5637358752419861,0.575311226503237,0.5680452108678077,0.021531732921075963,1.9447039738297462,3.203411200642586,2.342179181892425,1.065080077826886,1.0314731859564845,1.0387916644629744,1.0207136268485344,0.02789539550622556
layer,14,20,3,2.013216018676758,3.1556447744369507,2.287436783313751,0.6039812844305918,0.9174720048904419,1.4285695552825928,1.0403824031352997,0.2972441680236304,0.2133279973641038,0.34780159778892994,0.24057920007035136,0.06793083985067065,0.0,0.0,0.0,0.0,0.45444799959659576,0.6267616152763367,0.4897488012909889,0.0844642349447642,0.8241919875144958,1.4477216482162478,0.9665839970111847,0.3095047127831949,1.0692800283432007,1.6945408105850222,1.2134144067764283,0.30906807786819496,0.22327430301828496,0.23167467188011898,0.21776162841842422,0.016399933659587067,0.5599697132901146,0.568424796371179,0.558375616492033,0.01331359431830159,1.9390880092978477,3.221948800981045,2.247545600216836,0.6708520701434625,1.0361284961618709,1.042239081745879,1.0248130342615696,0.0260379877104396
layer,15,20,2,2.0317760705947876,3.148217654228211,2.2845439970493318,0.49440607612349147,0.9281280040740967,1.453974449634552,1.043017601966858,0.24009095602096206,0.21318399719893932,0.35027520470321183,0.24125919938087464,0.05847333121501228,0.0,0.0,0.0,0.0,0.44065599143505096,0.6007744252681733,0.4865312024950981,0.08567176552651398,0.8200159966945648,1.4132927894592289,0.9661184012889862,0.26963857728578355,1.0653759837150574,1.652406406402588,1.209150391817093,0.26864814992670283,0.21706032542915588,0.23005187040197908,0.21492325861403097,0.016892686882543462,0.5626020913930173,0.5784722018955519,0.561330586257996,0.024067735153840683,1.964543979614973,3.2252672892063856,2.2503952026367187,0.5522253855597815,1.0324192773461078,1.037430964011664,1.0205785818502573,0.023805056867606665
layer,16,20,2,1.9824640154838562,3.043436813354492,2.2407408177852632,0.44325907030511624,0.9144319891929626,1.3790847539901734,1.0161551922559737,0.20668927760897235,0.21319999918341637,0.3389567989856005,0.2408832000568509,0.0524508719814491,0.0,0.0,0.0,0.0,0.4513760060071945,0.5928096055984498,0.4808831974864006,0.06427462232147378,0.8138239979743958,1.3851359605789186,0.9439599990844727,0.24027827674771512,1.0632960200309753,1.6314079523086549,1.1919391930103302,0.23971787477311576,0.22225326110236346,0.23044215806894164,0.21697972611439673,0.015063368255078816,0.5591494039749899,0.5749261931906998,0.5604679602045535,0.01153072595320571,1.9152159951627254,3.105455993488431,2.2009983913972975,0.49487178054676173,1.0349268398993576,1.0411278306714205,1.0229352997210701,0.023632437772628724
layer,17,20,1,1.9936800003051758,3.0726560831069945,2.1882575869560243,0.4279061999930069,0.8995519876480103,1.3948896288871766,0.9823487937450409,0.19699656534554943,0.21369600016623735,0.3369600046426058,0.23700960008427502,0.05229927301242818,0.0,0.0,0.0,0.0,0.4523039907217026,0.5897888243198395,0.4804032012820244,0.0636498965970614,0.8204479813575745,1.3992192149162292,0.931649598479271,0.2343212463785124,1.062384009361267,1.6378656387329102,1.173635196685791,0.23386224194416536,0.22357492767043036,0.2357908038026332,0.22175014725234354,0.014742509412106749,0.5576875157244141,0.5686681517832417,0.556699826180176,0.010799711698906662,1.928031967021525,3.1439103741198777,2.1510079923085867,0.479906682461512,1.032486565394498,1.040538176668397,1.0220021985855101,0.02279014895245362
layer,18,20,2,1.9857920408248901,3.1205471992492675,2.228671985864639,0.49016532561271725,0.9071359932422638,1.4194015860557556,1.012212797999382,0.24894502598401524,0.21337599866092205,0.319401603192091,0.23288799915462732,0.04782990104382542,0.0,0.0,0.0,0.0,0.44966399669647217,0.6333664059638977,0.4869727998971939,0.08404955867962056,0.8106879889965057,1.4177152156829835,0.9356783956289292,0.2520109269540685,1.0564160346984863,1.6566624164581298,1.1837456047534942,0.2479853779638778,0.21996992907602,0.23637943922917584,0.2204767406017972,0.016410576068771603,0.5604931743098429,0.5707918807539399,0.5576616731300289,0.017443137698142257,1.9189760144799948,3.2012063324451447,2.1807791927829383,0.5402000954068822,1.0358632673289876,1.0451580658018174,1.026998173368962,0.022520205482633632
layer,19,20,1,1.994975984096527,3.0352320671081543,2.187059211730957,0.4272400521547104,0.8988160192966461,1.3922592163085938,0.9958735942840576,0.20814470017570874,0.2210879996418953,0.3309119910001755,0.23779999893158674,0.04803164368618315,0.0,0.0,0.0,0.0,0.4485599994659424,0.5994592130184173,0.47543520033359526,0.05918007589969444,0.8055199980735779,1.3651295542716981,0.9127296060323715,0.22269231681602933,1.055408000946045,1.60928635597229,1.1593151926994323,0.22198918366138357,0.22156187794155563,0.23217562523928964,0.21982124095666564,0.014895815485093201,0.5613729080000911,0.572380704146281,0.5631634901106815,0.011474164956790782,1.9323999900370836,3.090627156570554,2.1464031992480157,0.47483747303150886,1.0303498471908437,1.0414258498434295,1.0233257700815788,0.02159160740877893
layer,20,20,2,1.9995680451393127,3.0239519357681273,2.204104018211365,0.4115786629241674,0.914112001657486,1.3648576259613037,0.9883136034011841,0.1875141697082731,0.21452799811959267,0.3182367976754904,0.23587999846786262,0.04754193801039286,0.0,0.0,0.0,0.0,0.4552160054445267,0.5971360146999359,0.48357120007276533,0.062301222600667734,0.8165279924869537,1.3332287669181826,0.9375375956296921,0.2332569529739754,1.061743974685669,1.5798336267471313,1.183230397105217,0.2329276608719708,0.22454133271769466,0.23304201144978934,0.2213362641373605,0.01353707932627466,0.5619150372901964,0.5676719573977798,0.5555341689358996,0.01700108778763126,1.930895977653563,3.06354234777391,2.1617311974987388,0.4585969739965536,1.0341357135224913,1.0409774427460838,1.0237637895827754,0.021169433272260327
layer,21,20,2,2.0115199089050293,3.0907264709472653,2.2289215862751006,0.43089772583977975,0.9279839992523193,1.3988448023796083,1.0235504031181335,0.2113135151808323,0.21179200429469347,0.34287680499255657,0.23335840031504632,0.050846612063313236,0.0,0.0,0.0,0.0,0.45107200741767883,0.5888383984565735,0.48451360017061235,0.07548747585245899,0.8237920105457306,1.4164127945899965,0.9301200032234191,0.23310192535263022,1.0708160400390625,1.6556032180786133,1.1730768024921416,0.23124969557385128,0.2209369788928546,0.2309013815301676,0.2190953837077685,0.015455403201018946,0.5597964791184687,0.5765499872936165,0.563013119421535,0.018303239873949315,1.9480000156909227,3.1668896440416576,2.187028806656599,0.48139703693275826,1.0333100095141714,1.038520338500127,1.0236749372957843,0.022155710848963294
layer,22,20,3,2.007423996925354,3.0511615753173826,2.1714479804039,0.39532342301955053,0.906688004732132,1.392585599422455,0.9879535943269729,0.18679797128786654,0.2094879997894168,0.33573760092258453,0.2305679998360574,0.048750951991144396,0.0,0.0,0.0,0.0,0.45529600977897644,0.5963680148124695,0.4682111978530884,0.05872921409795292,0.8152320086956024,1.3761983871459962,0.9076384007930756,0.2146915841381851,1.0604640245437622,1.611523163318634,1.1509247958660125,0.21051026142130816,0.2181236969676171,0.23144588530549873,0.2173800068514017,0.01288269397860697,0.5589880379440104,0.5755542951951464,0.5604122524977575,0.01109845136928403,1.9366080043837428,3.123558435589075,2.126159994956106,0.4473431757544631,1.0342503780759984,1.0420889310306598,1.0257053369891804,0.02298019099720732
layer,23,20,3,1.9936000108718872,3.073145651817322,2.2987664103507996,0.7337331640854832,0.9016959965229034,1.4003007769584657,0.9974112004041672,0.20767939514796954,0.21451200172305107,0.3435328058898449,0.2505519995000213,0.09961824131786522,0.0,0.0,0.0,0.0,0.44356800615787506,0.5941728174686433,0.5040128007531166,0.15771687640969162,0.8130079805850983,1.3989855766296386,1.0223632037639618,0.5510321957852138,1.052784025669098,1.6406623840332033,1.2648175954818726,0.5505187413383662,0.2216309572959232,0.23226960462128773,0.2205375138055631,0.014619876260620461,0.5616021025096383,0.5687325459972974,0.5508497504099672,0.03517146797167621,1.9304480142891407,3.1452255599200725,2.2703264036681503,0.8210520592365483,1.0315319698590697,1.0407720604588415,1.0212832349697287,0.026658622999179492
layer,24,20,2,2.0571999549865723,3.0770016193389895,2.401924800872803,0.7127294730149615,0.8983680009841919,1.4215999603271485,1.0861120015382766,0.36806500149493254,0.21696000080555677,0.34844799526035786,0.2535456011071801,0.07656601936856926,0.0,0.0,0.0,0.0,0.4506880044937134,0.6482272028923037,0.5448144003748894,0.23669272967124783,0.8262879848480225,1.496595203876496,1.0442528069019317,0.3929758422236875,1.063535988330841,1.7331967949867255,1.2832111954689025,0.39277414137047667,0.2175967475315667,0.23501841483174385,0.2273312943650422,0.062267670732564284,0.5624750267718799,0.6022607084969164,0.5577151223320006,0.05294406550491174,2.0042560221627355,3.231641559302807,2.4034240074455737,0.802097263733623,1.0243793247077297,1.0374630507099194,1.0087368032369508,0.03588423914698184
layer,25,20,2,2.0119839906692505,3.1054080724716187,2.2345183908939363,0.5240377358370645,0.9299199879169464,1.4128640055656434,1.024100798368454,0.24909297416047932,0.21468799747526646,0.33492800705134873,0.24264159984886646,0.05870045176558191,0.0,0.0,0.0,0.0,0.44200000166893005,0.5988160133361816,0.4773040011525154,0.07690328995469918,0.8027519881725311,1.4177727699279785,0.9325343996286393,0.27722012181975947,1.0460479855537415,1.6606976151466368,1.1780223935842513,0.27689920762309006,0.21860438819336567,0.22825972401889386,0.21629218294102154,0.013055147267866258,0.5677212528833233,0.5764312889407883,0.566330977552894,0.00978386887048886,1.9487200062721968,3.1655647825449704,2.1992767978459598,0.5819638564774927,1.0324643545576548,1.038636635941575,1.0217649806608893,0.023950074070398248
layer,26,20,2,1.986128032207489,3.0898720979690553,2.208753603696823,0.45973794738530777,0.9100480079650879,1.4027743935585022,1.0065536081790925,0.2188752926985735,0.21081599686294794,0.34087039828300475,0.2330287991091609,0.05329752795146713,0.0,0.0,0.0,0.0,0.4432640075683594,0.5952159821987152,0.4738976001739502,0.06672058587105428,0.8043200075626373,1.3963711977005004,0.9192351996898651,0.2446693128828484,1.0568159818649292,1.6426111936569217,1.16839359998703,0.24318525161145282,0.21981814805446803,0.229612043563805,0.21689510079609983,0.01305156590073672,0.5617505772268365,0.5692349159080734,0.5603061118961047,0.008917851233457558,1.9070880329236388,3.1531743843108417,2.1588176069781184,0.5146529312797004,1.039010792265944,1.0467598061566443,1.0285741506049644,0.024448840116286546
layer,27,20,1,1.9959999918937683,3.0348287105560305,2.2211087703704835,0.4266745951022689,0.9107040166854858,1.3906111598014832,1.015510407090187,0.20993798181438952,0.20961599610745907,0.3173216030001641,0.23375679897144436,0.04897682191015206,0.0,0.0,0.0,0.0,0.44753600656986237,0.5975999772548676,0.4853343993425369,0.06970432835339115,0.8190240263938904,1.3661440372467042,0.9286752074956894,0.2264247444649282,1.0622559785842896,1.610985565185547,1.1733200013637544,0.22655248902105146,0.21982598497185651,0.24725545186215944,0.22058479053848856,0.01874312450407381,0.5591664923978426,0.5788556551139694,0.5616390588902563,0.019138931183972554,1.9277920173481107,3.065913588181138,2.1779424135573207,0.4726576736446673,1.0352547893943638,1.0390594633462882,1.023996325406011,0.021300742597160794
layer,28,20,2,2.000640034675598,2.9648160934448247,2.1884591937065125,0.4177771154562462,0.9185119867324829,1.3379679441452028,0.995732793211937,0.190950372045946,0.2123199999332428,0.32137279585003853,0.23240799820050598,0.0497600076095877,0.0,0.0,0.0,0.0,0.45019200444221497,0.5825312077999115,0.47699679881334306,0.059702870435051396,0.8062560260295868,1.347113621234894,0.9144863992929458,0.2283923348925011,1.0544960498809814,1.5938080430030823,1.1602047979831696,0.22834282679213352,0.22101497259957326,0.23919095801919235,0.22022920542554467,0.015287630818058484,0.5603381093386082,0.5688525958612474,0.560842362651051,0.009900038572457186,1.929471980780363,3.0068223603069786,2.142627190705389,0.4665851895140496,1.034108104300661,1.0445158649968596,1.0258533159276095,0.022209776533263028
layer,29,20,0,1.9866719841957092,2.8785344123840337,2.167436808347702,0.3896916141352184,0.9009439945220947,1.252732813358307,0.9776288032531738,0.1810405629729364,0.21164799761027098,0.32489600069820884,0.2319407989270985,0.04587872474108823,0.0,0.0,0.0,0.0,0.4495999962091446,0.5898592174053192,0.47134560346603394,0.057870244755382695,0.8086239993572235,1.3515231966972352,0.914520001411438,0.21289590706551886,1.051967978477478,1.592972767353058,1.157415997982025,0.21287272637130866,0.22213541280982063,0.23129951576110164,0.21929334005682075,0.012977644873727195,0.5591709297054114,0.5698353311945565,0.5577673588485105,0.01131429620070072,1.9276959765702486,2.929564810916782,2.1240896035917105,0.43418484249102934,1.033171252097811,1.0394788630174405,1.0242063158551107,0.020475595949591474
layer,30,20,2,2.0055359601974487,2.8839392423629766,2.1981391847133636,0.4116224320277385,0.9148160219192505,1.3571935772895813,1.010513600707054,0.19887390651062192,0.21246400009840727,0.32585600204765797,0.23181120017543436,0.047002049605013085,0.0,0.0,0.0,0.0,0.4431999921798706,0.5489952087402344,0.4728927999734879,0.0681035341084107,0.8081600069999695,1.2764576196670534,0.9060063987970353,0.23306514709563597,1.0531039834022522,1.5146496057510377,1.1538879990577697,0.22865267721269839,0.21804418982785725,0.23132112666783325,0.21695007351801668,0.01600618050786797,0.5648172313576382,0.578860200080582,0.5648544322452738,0.020011232594033874,1.9297600323334336,2.9407327819615605,2.148331199679524,0.4588707839919093,1.0362061546583239,1.0448082067120867,1.0273616410837463,0.02250083059308693
layer,31,20,3,1.9857760071754456,3.00589439868927,2.1539520144462587,0.40862901143338254,0.9058080017566681,1.3733344554901123,0.9853616058826447,0.18846873907484327,0.20862400252372026,0.3255967985838652,0.22831040136516095,0.047994791424832074,0.0,0.0,0.0,0.0,0.44864000380039215,0.5735551714897156,0.4694319948554039,0.05338142283269243,0.7896640002727509,1.3519872188568116,0.8888687998056412,0.22172930737736965,1.0364319682121277,1.5997568368911743,1.1362047970294953,0.22165896522043718,0.22497377003272268,0.23361489475283204,0.22028439020354154,0.013814761248027241,0.5647496457486576,0.57312625910819,0.5631312985950797,0.00905193789802876,1.9140319749712944,3.0509184729307894,2.1025408070534466,0.4559830997823842,1.0375407062795725,1.0463172655442594,1.0287386553441906,0.02133687212906726
layer,32,20,2,1.992799997329712,3.0570816040039066,2.174116778373718,0.4101457366366497,0.9091039896011353,1.3770143628120424,0.9907231897115707,0.18430452963657623,0.20963199622929096,0.3348864037543535,0.22879679966717958,0.050068207855352265,0.0,0.0,0.0,0.0,0.4461119920015335,0.5816192150115966,0.47151840031147,0.05630186547065966,0.7964800000190735,1.3963679552078248,0.8991152048110962,0.22831946177806256,1.0479680299758911,1.6473407983779906,1.1507631957530975,0.22795188380035783,0.22032226169854846,0.2365324926166818,0.21910646782158402,0.014676736265672494,0.5607750180122799,0.5719431198536455,0.5608546166948633,0.011113090637260457,1.9156479770317674,3.1099647235125305,2.1186351941898467,0.458842128770426,1.0383739576581612,1.0426247097931676,1.0305637192087935,0.02174173245851151
layer,33,20,2,2.0130399465560913,3.1259039640426636,2.1880159974098206,0.4245212220455439,0.9190080165863037,1.3761824488639833,1.001790401339531,0.1936204261163178,0.20715199876576662,0.3312063965946436,0.2285215995274484,0.05019216655465609,0.0,0.0,0.0,0.0,0.43908798694610596,0.5975359857082367,0.475087995827198,0.08031106475064315,0.815200001001358,1.4327999830245972,0.9119071960449219,0.2434016936256355,1.05595201253891,1.6698208451271057,1.1538336098194122,0.24094942323624036,0.21883935192972406,0.23039976849738425,0.2184214298441624,0.015968212360400743,0.5640501994056313,0.570422582419655,0.5623085235104696,0.017567864251563616,1.9406239883974195,3.2003455881029366,2.1422191969119013,0.4753643566851895,1.0353271054363495,1.0405689058443035,1.0258200616915767,0.021869368210289362
layer,34,20,3,1.991424024105072,3.0919679641723636,2.158473604917526,0.4323044465695856,0.9086720049381256,1.4160191655158996,0.9849872022867203,0.209009402790829,0.21071999613195658,0.3328095991164446,0.22978879865258933,0.04796241392740042,0.0,0.0,0.0,0.0,0.43755200505256653,0.5918592035770417,0.458576001226902,0.06384485739762233,0.8082720041275024,1.4166847586631777,0.8987967908382416,0.23146848410889645,1.0512959957122803,1.6431263446807862,1.1407984018325805,0.22434491391067668,0.21393244714049173,0.22911054342944748,0.21445541598330684,0.013376667622418424,0.5615672857984332,0.5694165290560442,0.5620021419359894,0.007063106389313308,1.9088960206136107,3.168329532817006,2.113572791777551,0.48606399014517465,1.036111170146583,1.0447206882784608,1.0260719000238714,0.023886802083756372
layer,35,20,2,1.997040033340454,3.1011520624160767,2.1739568054676055,0.4266429089892438,0.9078559875488281,1.4134912133216857,0.9832320064306259,0.19577505446924925,0.20643199887126684,0.34477120339870454,0.23275360064581035,0.05537795568684916,0.0,0.0,0.0,0.0,0.4461599886417389,0.5894527971744538,0.47184799760580065,0.06450068843979347,0.8108319938182831,1.4017759799957277,0.9147119969129562,0.23423333222573448,1.055296003818512,1.646070444583893,1.1582992047071456,0.23441268445808539,0.22132488163903008,0.23152222813439627,0.219023532812112,0.012874665026598803,0.5599775282519724,0.5705187864593619,0.5588175838536473,0.013092862245216814,1.9250240037217736,3.184281560778618,2.1306976039893923,0.48087689854808385,1.0362051696794152,1.0408427339841186,1.0251235483331802,0.02316146375875722
layer,36,20,2,2.0164800882339478,3.165443181991577,2.2626128077507017,0.45672608073016036,0.9170880019664764,1.4075488328933716,1.0124912023544312,0.19872405464620743,0.20956800039857626,0.34249279648065567,0.23348320024088026,0.053196329435352324,0.0,0.0,0.0,0.0,0.4535360038280487,0.6387872219085695,0.5285504072904587,0.21001239941021518,0.8268480002880096,1.4655583739280702,0.9730367958545685,0.30718556251433704,1.0689280033111572,1.7099744439125062,1.2174816012382508,0.3073362385222576,0.22409307328065875,0.2344234833398361,0.2314502683662639,0.05604661201816149,0.5632195336429946,0.5711092386667156,0.5533660707693813,0.04692096582495526,1.9601919697597623,3.251891128346324,2.232734400499612,0.5245388561460838,1.0321846373964176,1.0393639996869086,1.0194593672268177,0.029124920572053667
layer,37,20,2,2.0090880393981934,3.0842848777770997,2.1877456188201903,0.41136339784109965,0.9206719994544983,1.3946911692619324,1.0017391949892045,0.18172799351002408,0.2093600006774068,0.34799360334873203,0.23503520023077726,0.0561815202355519,0.0,0.0,0.0,0.0,0.4506720006465912,0.5918496012687683,0.47257919758558276,0.059204426646123645,0.8103040158748627,1.415884780883789,0.9098271995782852,0.2314505813464214,1.0556479692459106,1.657596802711487,1.15374399125576,0.2306423514492602,0.21953378205956578,0.23286933689016304,0.21803930653193132,0.013153612881188112,0.5651409235927168,0.5715270818001648,0.5650346628516083,0.006759972229038633,1.9426719956099987,3.17265919148922,2.146601594798267,0.46778675862632046,1.0343720840442892,1.0416888563693505,1.024014342569639,0.023979069844884824
layer,38,20,2,2.0039680004119873,3.0070975065231327,2.1529552042484283,0.38337358657417353,0.9033600091934204,1.3914207577705384,0.982891196012497,0.190913803872797,0.218320001848042,0.32547200769186024,0.2359104011207819,0.049525592086319424,0.0,0.0,0.0,0.0,0.4501280039548874,0.5476352095603944,0.468435201048851,0.05203540158181696,0.8179999887943268,1.27495995759964,0.8901647984981537,0.19669220500635,1.0628160238265991,1.5212127804756166,1.1375072002410889,0.19621731053282582,0.21968905005453282,0.23563984709798763,0.21976045562899013,0.016414135839638827,0.5652962414858851,0.5800797967149661,0.5649516968228279,0.015805195412308817,1.9419360058382154,3.068243198096752,2.1089663956314326,0.4305685009167897,1.0326847800422205,1.0420641105647375,1.0247690317740905,0.02152809048813327
layer,39,20,2,1.9947359561920166,2.486176013946534,2.118188798427582,0.3419192815872229,0.8930079936981201,1.1277951836586004,0.9521456062793732,0.16611803339261286,0.21353600081056356,0.2771839980036021,0.22690719990059732,0.03996202834500543,0.0,0.0,0.0,0.0,0.445263996720314,0.5234432220458985,0.4666400015354156,0.05215835234032726,0.821183979511261,1.0864159703254703,0.8909343928098679,0.17975268555431226,1.066431999206543,1.3248255610466009,1.1338623940944672,0.17869318231904902,0.22101880733543333,0.24686418589675932,0.22196735399109846,0.01727524544895508,0.5581703551568158,0.5704619581292764,0.5559457848769649,0.013423351763043108,1.9367999723181129,2.492412746325136,2.069987198989838,0.3819166568150568,1.032473519221571,1.0396776637934264,1.02632653914897,0.018019540493188508
layer,40,20,1,1.979744017124176,2.702348732948304,2.138531196117401,0.37168771627090763,0.8971199989318848,1.2667872548103336,0.9715680032968521,0.1794782289592811,0.21662400104105473,0.2851039960980416,0.22890079859644175,0.04175080704074501,0.0,0.0,0.0,0.0,0.4469919949769974,0.5805568039417267,0.46890399903059005,0.05815376755718262,0.8040319979190826,1.15783361196518,0.8895568013191223,0.1972207219738356,1.049280047416687,1.4023424267768863,1.1343984127044677,0.19660088705044934,0.22306186634327158,0.23138682256290594,0.2209820478423828,0.015331836110959108,0.5635414705138035,0.5762409981532602,0.5609386478212477,0.015936395491179603,1.9183519873768091,2.709724862873555,2.0900256032124163,0.4124246575553123,1.0322644028750996,1.039792203633552,1.026604505265785,0.01882278514525033
layer,41,20,2,1.9844000339508057,2.810294389724732,2.155343997478485,0.3852615292868765,0.9044000208377838,1.2769663810729983,0.984772801399231,0.17872788081276322,0.20772799756377935,0.30218240208923824,0.22933280086144806,0.05010864472391863,0.0,0.0,0.0,0.0,0.43454399704933167,0.5488032162189485,0.45735839903354647,0.05169561898884493,0.8029280006885529,1.2831903934478763,0.8944352000951767,0.21496247400136306,1.0472639799118042,1.5233727693557741,1.1383296012878419,0.2135758326092319,0.21770073009685087,0.23216089748356983,0.21431837912466728,0.015262516167024929,0.5626899394432341,0.5696601188789121,0.5627429339608228,0.015902372531008548,1.9119200026616454,2.8405119914561516,2.1085408023558556,0.43639460037831057,1.0374121213175613,1.0400064770791306,1.0265288063237539,0.02223273600881384
layer,42,20,2,2.006368041038513,2.8231135368347173,2.1424511849880217,0.3805415413489322,0.9074240028858185,1.3296639919281006,0.9684960097074509,0.17990495920792549,0.2104160012677312,0.3094623904675246,0.22625759933143855,0.0449428681789877,0.0,0.0,0.0,0.0,0.4373439997434616,0.5238144099712373,0.4646320030093193,0.05916987324586724,0.8091999888420105,1.2252255558967593,0.8982703983783722,0.20573392101175883,1.0587520003318787,1.460655987262726,1.141412803530693,0.2035487398453728,0.21663558330666455,0.24496983671886358,0.2188054783821869,0.018658660182240095,0.5590764762355558,0.5753239504212306,0.5570815408073914,0.015306013795734158,1.9384159939363599,2.8643519382923848,2.0930240074172617,0.4263171738368762,1.034787214984413,1.0414855374360927,1.0274402819070259,0.020538153382887316
layer,43,20,1,1.9760480523109436,2.8586783647537235,2.1297167956829073,0.39672795795074167,0.901199996471405,1.293331241607666,0.9719311982393265,0.1822628413613609,0.2106720032170415,0.33333439342677595,0.2306864001788199,0.053688678601624386,0.0,0.0,0.0,0.0,0.4447840005159378,0.5807648062705993,0.46283999979496004,0.05736973536073494,0.7919040024280548,1.2909471631050111,0.8782879948616028,0.21775303824719386,1.0427680015563965,1.53264319896698,1.1254160046577453,0.2157380058617521,0.2208481901976858,0.2322422453390449,0.21924624895802486,0.01296967425959892,0.5619750216520254,0.5764638413147921,0.5640041030966392,0.009600499337992658,1.8972480120137334,2.9176127981394533,2.0809055932797493,0.45164077089975807,1.0372205063868978,1.0433384306164617,1.0281907162373936,0.023486109706267917
layer,44,20,3,1.9723519682884216,2.134777641296388,2.0815695941448213,0.3605440570584661,0.8919999897480011,0.9900320172309882,0.9453744024038315,0.16474986097968242,0.20945599768310785,0.2366175970062615,0.22128639901056885,0.041043485571437145,0.0,0.0,0.0,0.0,0.43807999789714813,0.4741215944290163,0.4549263998866081,0.055080953933568946,0.7949280142784119,0.8849824011325845,0.8531759977340698,0.19887707654387313,1.0465279817581177,1.139727985858918,1.103491199016571,0.1971731462468666,0.22084145834158952,0.22778584542901928,0.21990866847565638,0.00919913229322212,0.560391720194108,0.5683855003379252,0.560360748937635,0.008628887203518084,1.8992800200358033,2.0722751995548623,2.0198367991484703,0.4024093056238701,1.0384008344347606,1.045609866236461,1.0340158840788438,0.01888252206768641
layer,45,20,2,1.9945279955863953,2.9394751310348513,2.1437375962734224,0.3972302783240851,0.9020479917526245,1.4219295859336856,0.9945232063531876,0.25685933505245273,0.20811199955642223,0.25349119622260347,0.22196160014718772,0.0415263366038597,0.0,0.0,0.0,0.0,0.4458879977464676,0.5126592040061951,0.4654208019375801,0.05100208710018203,0.8082239925861359,0.9343423843383797,0.8631695955991745,0.19202487639838425,1.0516639947891235,1.1757247567176825,1.1169615983963013,0.18178710381675098,0.22307864392564658,0.24110599509456937,0.21986858176504992,0.01993121010145249,0.5591093801942271,0.5735499832865216,0.5642439177121392,0.031630512149367226,1.9255840042605996,2.681366397626699,2.0796544020995498,0.4142306857175202,1.034969098428316,1.0405345855086279,1.0328434920825744,0.025876921811212088
layer,46,20,2,1.9774399995803833,2.1390079498291033,2.088460797071457,0.36030315333516266,0.8962079882621765,0.9813535928726203,0.94582559466362,0.158723224099292,0.20632000360637903,0.23604479841887968,0.2219008008018136,0.04799223439895442,0.0,0.0,0.0,0.0,0.43907201290130615,0.4717664122581484,0.45769600123167037,0.05673687736700201,0.8046880066394806,0.8919200181961069,0.8604063987731934,0.20475745414659127,1.050719976425171,1.1367552042007454,1.1099439978599548,0.20286785343554295,0.2218778739858329,0.22850532787917904,0.2204487070396644,0.009469673012050648,0.5612200391925078,0.5654128379448649,0.5588982113268688,0.007895021313465762,1.9072319809347391,2.0690272111445682,2.028132794238627,0.4091741805714093,1.0379250923463537,1.0434365787992732,1.033698184481063,0.023414799367469073
layer,47,20,3,1.9881280064582825,2.368918466567994,2.108617603778839,0.3564548699236337,0.902895987033844,1.107561612129212,0.958992001414299,0.17041931296869592,0.2101280028000474,0.2620448026806117,0.22399039911106228,0.04231027752924682,0.0,0.0,0.0,0.0,0.43721599876880646,0.5225408077239991,0.4584064021706581,0.053025591777032414,0.8122079968452454,0.9902975976467139,0.8706255972385406,0.1899930643601076,1.0533600449562073,1.2291775822639472,1.1174048006534576,0.18704665571757964,0.21918056721228413,0.22910753628534164,0.21893403034136655,0.013161989900961315,0.5592000433881376,0.5688473754912471,0.5603450874517778,0.00853250872569352,1.9177280068397522,2.359904012456538,2.053607997763902,0.40046998032259584,1.0328939262537902,1.0387257547324993,1.030416055229514,0.026716282757025575
all_layers_per_request,ALL,20,,96.93019151687622,140.4747488260269,105.30099029541016,17.051492364143307,,,,,,,,,,,,,,,,,,,,,,,,,,,,,0.5592331502603344,0.5653655948880925,0.5600904333302699,0.004300329289897261,93.15852805785835,142.76393568478525,102.00713441125117,19.728294086831202,1.034910134605762,1.0785178979747454,1.0372278296752362,0.03300004875773902
